{
    "ViT": {
        "test_acc": 0.6980000000000001,
        "train_hist": [
            0.4700680272108843,
            0.48163265306122444,
            0.5272108843537414,
            0.569047619047619,
            0.6010204081632653,
            0.6074829931972788,
            0.6224489795918366,
            0.6829931972789115,
            0.7091836734693877,
            0.7095238095238094,
            0.7221088435374149,
            0.738095238095238,
            0.7496598639455782,
            0.7700680272108843,
            0.7891156462585034,
            0.7976190476190476,
            0.8040816326530612,
            0.8142857142857143,
            0.8153061224489795,
            0.8156462585034013
        ],
        "val_hist": [
            0.535645472061657,
            0.5472061657032755,
            0.5684007707129094,
            0.5394990366088632,
            0.6088631984585742,
            0.6184971098265896,
            0.5183044315992292,
            0.6685934489402697,
            0.6647398843930635,
            0.6782273603082851,
            0.6685934489402697,
            0.676300578034682,
            0.6608863198458574,
            0.6859344894026975,
            0.6897880539499036,
            0.6782273603082851,
            0.674373795761079,
            0.6685934489402697,
            0.6724470134874759,
            0.6705202312138728
        ],
        "save_path": "/content/drive/MyDrive/Capstone Project/Code & Files/models/best_ViT_val.pth"
    },
    "ResNet50": {
        "test_acc": 0.6880000000000001,
        "train_hist": [
            0.6,
            0.6833333333333332,
            0.7183673469387755,
            0.7537414965986394,
            0.7717687074829932,
            0.7982993197278911,
            0.8241496598639455
        ],
        "val_hist": [
            0.6454720616570327,
            0.6782273603082851,
            0.6377649325626205,
            0.674373795761079,
            0.674373795761079,
            0.6724470134874759,
            0.6454720616570327
        ],
        "save_path": "/content/drive/MyDrive/Capstone Project/Code & Files/models/best_ResNet50_val.pth"
    },
    "EfficientNetB0": {
        "test_acc": 0.666,
        "train_hist": [
            0.47312925170068026,
            0.5884353741496599,
            0.6418367346938775,
            0.673469387755102,
            0.6996598639455782,
            0.7353741496598639,
            0.7608843537414965,
            0.7938775510204081,
            0.7989795918367346,
            0.7989795918367346,
            0.7911564625850339,
            0.7925170068027211,
            0.8153061224489795
        ],
        "val_hist": [
            0.535645472061657,
            0.5626204238921002,
            0.6011560693641619,
            0.6127167630057804,
            0.6204238921001927,
            0.6127167630057804,
            0.6223506743737958,
            0.6473988439306358,
            0.6377649325626205,
            0.6454720616570327,
            0.6377649325626205,
            0.6435452793834296,
            0.6454720616570327
        ],
        "save_path": "/content/drive/MyDrive/Capstone Project/Code & Files/models/best_EfficientNetB0_val.pth"
    }
}